{"cameraMode":{"drawMode":0,"name":"Shaded","section":"Shading Mode"},"sceneLighting":true,"audioPlay":false,"sceneViewState":{"showFog":false,"showMaterialUpdate":false,"showSkybox":true,"showFlares":true,"showImageEffects":true,"showParticleSystems":true},"in2DMode":false,"pivot":{"x":164.34315490722657,"y":8.620295524597168,"z":145.70770263671876},"rotation":{"x":-0.07672102004289627,"y":0.6000799536705017,"z":-0.05797252058982849,"w":-0.7941409945487976},"size":18.967321395874025,"orthographic":false}